user_id,timestamp,duration_min,data_gb,location
8270,2025-10-15 21:11:40.941336,29,2.53,Delhi
1860,2025-10-21 21:11:40.941355,1,0.97,Pune
6390,2025-11-06 21:11:40.941360,55,3.46,Mumbai
6191,2025-11-10 21:11:40.941363,35,4.96,Mumbai
6734,2025-11-03 21:11:40.941365,6,3.76,Mumbai
7265,2025-11-03 21:11:40.941368,37,3.73,Mumbai
1466,2025-10-25 21:11:40.941371,53,4.76,Delhi
5426,2025-10-30 21:11:40.941373,59,1.09,Delhi
6578,2025-11-11 21:11:40.941375,5,2.87,Bangalore
9322,2025-10-16 21:11:40.941378,33,4.9,Bangalore
2685,2025-11-12 21:11:40.941380,49,0.91,Mumbai
1769,2025-10-21 21:11:40.941383,51,3.53,Pune
7949,2025-10-21 21:11:40.941385,14,2.97,Mumbai
3433,2025-10-16 21:11:40.941387,12,2.97,Pune
6311,2025-10-26 21:11:40.941390,42,3.52,Mumbai
6051,2025-11-06 21:11:40.941392,20,4.66,Bangalore
7420,2025-10-15 21:11:40.941394,53,3.93,Bangalore
2184,2025-11-05 21:11:40.941397,50,0.38,Pune
5555,2025-11-12 21:11:40.941399,24,4.28,Mumbai
4385,2025-10-19 21:11:40.941401,59,1.21,Pune
7396,2025-10-21 21:11:40.941404,43,1.95,Bangalore
9666,2025-11-10 21:11:40.941406,34,2.36,Mumbai
3558,2025-10-20 21:11:40.941408,25,2.46,Mumbai
8849,2025-10-21 21:11:40.941410,50,2.23,Pune
3047,2025-10-17 21:11:40.941413,29,4.69,Delhi
3747,2025-10-15 21:11:40.941415,57,3.56,Pune
1189,2025-11-05 21:11:40.941418,39,3.19,Bangalore
3734,2025-10-22 21:11:40.941420,31,0.34,Bangalore
4005,2025-10-19 21:11:40.941422,56,4.53,Bangalore
5658,2025-10-29 21:11:40.941425,47,4.56,Bangalore
2899,2025-11-08 21:11:40.941427,43,3.92,Bangalore
8734,2025-11-10 21:11:40.941429,50,0.13,Delhi
2267,2025-10-25 21:11:40.941431,23,0.38,Mumbai
2528,2025-11-12 21:11:40.941434,44,1.2,Pune
4556,2025-10-16 21:11:40.941436,38,0.74,Pune
4890,2025-10-29 21:11:40.941438,20,2.05,Bangalore
9838,2025-11-05 21:11:40.941441,23,4.62,Pune
6393,2025-11-11 21:11:40.941443,45,2.41,Bangalore
9792,2025-11-10 21:11:40.941445,52,0.17,Delhi
9433,2025-10-20 21:11:40.941447,16,1.49,Delhi
8513,2025-10-30 21:11:40.941450,50,0.32,Mumbai
3612,2025-10-20 21:11:40.941452,42,0.28,Delhi
8041,2025-10-30 21:11:40.941454,55,1.45,Delhi
7235,2025-11-02 21:11:40.941457,8,1.45,Mumbai
6486,2025-10-28 21:11:40.941459,50,3.96,Pune
8099,2025-11-09 21:11:40.941461,21,4.88,Bangalore
1775,2025-10-24 21:11:40.941464,1,1.92,Bangalore
9226,2025-11-08 21:11:40.941466,55,2.2,Pune
4152,2025-10-22 21:11:40.941468,8,4.24,Mumbai
2585,2025-10-23 21:11:40.941470,29,1.41,Pune
4943,2025-10-30 21:11:40.941473,32,0.87,Delhi
8555,2025-10-21 21:11:40.941475,38,4.28,Mumbai
4073,2025-10-28 21:11:40.941477,5,0.33,Mumbai
2021,2025-10-26 21:11:40.941480,47,3.14,Mumbai
4843,2025-11-06 21:11:40.941482,22,2.85,Bangalore
8989,2025-11-03 21:11:40.941484,47,1.8,Pune
7873,2025-11-06 21:11:40.941490,34,1.64,Mumbai
6675,2025-11-12 21:11:40.941492,1,3.88,Mumbai
1161,2025-10-21 21:11:40.941495,55,0.52,Mumbai
5297,2025-10-23 21:11:40.941497,55,1.26,Pune
1995,2025-10-25 21:11:40.941499,26,3.69,Bangalore
8629,2025-10-28 21:11:40.941501,43,2.79,Delhi
2016,2025-10-15 21:11:40.941504,10,0.73,Bangalore
8869,2025-10-25 21:11:40.941506,30,4.42,Mumbai
7439,2025-11-09 21:11:40.941508,50,2.03,Bangalore
8892,2025-10-15 21:11:40.941511,18,4.16,Bangalore
7863,2025-10-16 21:11:40.941513,17,3.96,Delhi
8916,2025-10-26 21:11:40.941516,26,3.16,Pune
9529,2025-11-11 21:11:40.941518,8,2.52,Pune
1878,2025-11-12 21:11:40.941520,47,4.9,Bangalore
5887,2025-10-29 21:11:40.941522,40,0.81,Bangalore
5859,2025-11-08 21:11:40.941525,49,3.65,Pune
7331,2025-10-24 21:11:40.941527,12,1.04,Pune
9571,2025-11-02 21:11:40.941529,27,1.76,Delhi
9684,2025-11-03 21:11:40.941531,8,1.61,Mumbai
8208,2025-11-11 21:11:40.941533,25,4.74,Bangalore
6276,2025-11-10 21:11:40.941536,46,4.84,Pune
3062,2025-10-21 21:11:40.941538,4,1.0,Bangalore
1064,2025-10-21 21:11:40.941541,33,0.21,Bangalore
9006,2025-11-01 21:11:40.941543,1,3.63,Pune
3568,2025-10-24 21:11:40.941545,19,2.15,Delhi
6463,2025-11-08 21:11:40.941547,31,0.54,Bangalore
3027,2025-11-08 21:11:40.941550,16,3.45,Delhi
3695,2025-11-07 21:11:40.941552,14,2.77,Pune
6258,2025-11-04 21:11:40.941554,53,4.9,Mumbai
6618,2025-11-11 21:11:40.941556,48,1.21,Mumbai
7736,2025-10-23 21:11:40.941559,5,2.08,Bangalore
1391,2025-11-01 21:11:40.941561,41,2.76,Pune
6892,2025-11-10 21:11:40.941563,26,3.98,Delhi
4561,2025-10-24 21:11:40.941565,28,2.79,Bangalore
7184,2025-10-18 21:11:40.941568,2,3.1,Pune
4099,2025-10-22 21:11:40.941570,50,1.21,Pune
7278,2025-11-01 21:11:40.941572,6,4.25,Delhi
9392,2025-10-20 21:11:40.941575,9,2.2,Bangalore
4104,2025-10-27 21:11:40.941577,33,0.79,Pune
8215,2025-11-03 21:11:40.941579,41,3.35,Pune
3454,2025-10-20 21:11:40.941582,25,1.16,Pune
9996,2025-10-17 21:11:40.941584,48,0.58,Delhi
3731,2025-10-30 21:11:40.941586,13,4.32,Bangalore
9154,2025-10-21 21:11:40.941589,9,2.35,Bangalore
6056,2025-10-27 21:11:40.941591,53,3.77,Bangalore
9110,2025-10-26 21:11:40.941593,13,1.52,Bangalore
4840,2025-10-25 21:11:40.941595,31,3.96,Mumbai
2028,2025-10-27 21:11:40.941598,41,0.65,Mumbai
8385,2025-10-30 21:11:40.941600,11,1.84,Bangalore
1502,2025-11-04 21:11:40.941602,4,4.89,Delhi
7910,2025-11-05 21:11:40.941604,34,3.99,Mumbai
7938,2025-11-11 21:11:40.941607,38,2.54,Pune
5488,2025-10-31 21:11:40.941609,46,1.76,Mumbai
1206,2025-10-19 21:11:40.941611,4,4.37,Pune
6134,2025-11-06 21:11:40.941614,38,2.77,Bangalore
6977,2025-11-04 21:11:40.941616,19,3.82,Mumbai
8721,2025-10-22 21:11:40.941618,6,3.8,Delhi
8035,2025-10-22 21:11:40.941621,34,0.19,Mumbai
2484,2025-11-02 21:11:40.941623,18,0.72,Mumbai
8858,2025-10-30 21:11:40.941625,13,3.33,Mumbai
1863,2025-11-09 21:11:40.941627,41,0.89,Bangalore
3790,2025-10-18 21:11:40.941630,23,1.35,Delhi
8408,2025-10-18 21:11:40.941632,19,4.74,Mumbai
9755,2025-10-15 21:11:40.941634,45,2.84,Delhi
6116,2025-10-31 21:11:40.941636,11,3.78,Bangalore
7019,2025-11-11 21:11:40.941639,1,2.83,Pune
2757,2025-10-21 21:11:40.941641,24,2.81,Mumbai
8574,2025-11-08 21:11:40.941643,54,0.56,Delhi
7374,2025-11-02 21:11:40.941646,7,1.78,Delhi
7892,2025-11-07 21:11:40.941648,25,1.48,Bangalore
2678,2025-10-26 21:11:40.941650,21,2.01,Mumbai
4242,2025-10-23 21:11:40.941653,15,4.01,Pune
5636,2025-11-03 21:11:40.941655,1,1.92,Delhi
2059,2025-11-09 21:11:40.941658,12,2.31,Mumbai
7668,2025-11-04 21:11:40.941660,58,2.05,Pune
4157,2025-11-07 21:11:40.941662,7,0.56,Delhi
6915,2025-11-11 21:11:40.941665,15,2.26,Delhi
3693,2025-10-27 21:11:40.941667,21,1.06,Pune
4627,2025-11-08 21:11:40.941669,19,1.01,Pune
6450,2025-10-19 21:11:40.941671,29,0.56,Bangalore
2663,2025-11-07 21:11:40.941673,25,1.85,Mumbai
6592,2025-10-18 21:11:40.941676,33,3.81,Mumbai
8392,2025-11-01 21:11:40.941678,49,1.45,Bangalore
2306,2025-10-21 21:11:40.941680,32,1.63,Delhi
7776,2025-10-23 21:11:40.941682,49,3.25,Pune
6864,2025-11-03 21:11:40.941686,35,1.06,Pune
8526,2025-10-22 21:11:40.941688,44,4.5,Pune
9901,2025-10-23 21:11:40.941691,38,2.65,Delhi
6575,2025-10-17 21:11:40.941693,26,2.29,Pune
6530,2025-10-19 21:11:40.941695,11,2.83,Pune
5413,2025-11-07 21:11:40.941697,35,0.91,Bangalore
4748,2025-10-17 21:11:40.941700,8,3.11,Delhi
1663,2025-11-05 21:11:40.941702,46,1.88,Mumbai
2998,2025-11-11 21:11:40.941705,14,4.5,Bangalore
8994,2025-11-01 21:11:40.941707,10,0.93,Bangalore
2495,2025-10-31 21:11:40.941709,2,2.58,Mumbai
4304,2025-10-19 21:11:40.941711,46,3.03,Bangalore
4763,2025-10-23 21:11:40.941714,9,0.26,Delhi
6232,2025-11-06 21:11:40.941716,3,1.88,Pune
2853,2025-11-03 21:11:40.941718,21,3.69,Delhi
7585,2025-10-31 21:11:40.941721,26,4.12,Mumbai
2291,2025-10-27 21:11:40.941723,8,1.63,Mumbai
4581,2025-10-18 21:11:40.941725,48,4.01,Bangalore
8554,2025-10-23 21:11:40.941727,2,4.84,Delhi
8280,2025-10-16 21:11:40.941730,6,4.3,Delhi
2636,2025-10-18 21:11:40.941732,28,0.68,Mumbai
4696,2025-10-30 21:11:40.941734,53,3.72,Delhi
1698,2025-11-11 21:11:40.941737,29,1.67,Mumbai
5737,2025-10-16 21:11:40.941739,26,4.94,Delhi
1854,2025-10-22 21:11:40.941741,25,2.48,Delhi
9164,2025-11-02 21:11:40.941743,12,0.7,Delhi
6855,2025-11-12 21:11:40.941746,5,3.65,Mumbai
8392,2025-10-25 21:11:40.941748,34,1.68,Bangalore
7528,2025-10-23 21:11:40.941750,48,4.99,Delhi
6249,2025-11-09 21:11:40.941753,37,4.9,Mumbai
6172,2025-10-25 21:11:40.941755,15,3.32,Mumbai
2707,2025-10-18 21:11:40.941757,44,0.74,Delhi
6791,2025-10-15 21:11:40.941760,36,3.47,Delhi
6535,2025-10-23 21:11:40.941762,15,0.56,Bangalore
5931,2025-11-02 21:11:40.941764,43,0.24,Mumbai
4510,2025-11-05 21:11:40.941767,48,4.13,Mumbai
1202,2025-11-02 21:11:40.941769,23,1.13,Pune
5218,2025-11-09 21:11:40.941771,6,1.96,Mumbai
9958,2025-10-27 21:11:40.941774,46,4.87,Bangalore
5389,2025-10-17 21:11:40.941776,50,1.75,Pune
3327,2025-11-06 21:11:40.941778,44,1.55,Pune
9004,2025-11-05 21:11:40.941781,59,4.6,Pune
3931,2025-11-10 21:11:40.941783,43,0.64,Delhi
8777,2025-10-22 21:11:40.941785,45,3.82,Delhi
1197,2025-11-11 21:11:40.941787,21,4.94,Mumbai
8125,2025-10-21 21:11:40.941790,23,4.52,Pune
2930,2025-10-29 21:11:40.941792,43,3.29,Bangalore
7287,2025-10-20 21:11:40.941794,55,1.64,Delhi
9800,2025-10-22 21:11:40.941797,16,1.35,Bangalore
5282,2025-10-22 21:11:40.941799,47,4.11,Bangalore
3511,2025-11-08 21:11:40.941801,53,4.41,Delhi
1659,2025-10-20 21:11:40.941803,15,2.67,Delhi
3811,2025-11-12 21:11:40.941806,25,1.3,Delhi
8098,2025-10-18 21:11:40.941808,36,0.65,Delhi
7546,2025-11-09 21:11:40.941810,11,0.53,Pune
2986,2025-10-29 21:11:40.941813,51,3.62,Pune
9338,2025-10-24 21:11:40.941815,15,2.16,Pune
3911,2025-10-25 21:11:40.941817,4,4.54,Pune
2734,2025-11-10 21:11:40.941819,21,3.72,Mumbai
2843,2025-10-24 21:11:40.941822,13,1.04,Pune
9680,2025-11-02 21:11:40.941824,22,3.11,Delhi
3976,2025-10-27 21:11:40.941827,19,2.23,Bangalore
2959,2025-10-17 21:11:40.941829,34,2.93,Pune
6759,2025-10-31 21:11:40.941831,14,3.72,Mumbai
7694,2025-11-02 21:11:40.941833,4,4.05,Delhi
3385,2025-11-11 21:11:40.941836,48,4.23,Bangalore
5736,2025-11-04 21:11:40.941838,53,1.34,Bangalore
2802,2025-10-18 21:11:40.941840,52,0.25,Pune
9155,2025-11-11 21:11:40.941842,46,3.72,Bangalore
9120,2025-10-23 21:11:40.941845,27,0.62,Pune
7616,2025-11-04 21:11:40.941847,29,1.64,Pune
6534,2025-11-04 21:11:40.941849,47,0.12,Delhi
5061,2025-11-05 21:11:40.941852,28,3.44,Delhi
1262,2025-10-27 21:11:40.941854,35,0.92,Mumbai
7287,2025-11-12 21:11:40.941856,8,3.31,Delhi
9815,2025-10-19 21:11:40.941858,16,4.96,Delhi
3049,2025-10-15 21:11:40.941861,42,0.46,Pune
6423,2025-11-02 21:11:40.941863,36,0.48,Delhi
5548,2025-11-05 21:11:40.941865,30,1.77,Pune
4108,2025-11-03 21:11:40.941868,18,4.35,Pune
8158,2025-10-19 21:11:40.941870,2,1.16,Delhi
8400,2025-11-06 21:11:40.941872,49,1.87,Mumbai
4170,2025-11-10 21:11:40.941875,13,0.44,Mumbai
3255,2025-11-10 21:11:40.941877,4,3.84,Bangalore
2154,2025-10-26 21:11:40.941879,26,2.1,Bangalore
5499,2025-11-08 21:11:40.941881,25,3.82,Delhi
7295,2025-11-01 21:11:40.941884,30,4.53,Mumbai
7197,2025-11-01 21:11:40.941886,11,1.24,Pune
2648,2025-10-25 21:11:40.941889,7,4.06,Bangalore
6539,2025-11-07 21:11:40.941891,31,0.39,Pune
5199,2025-11-11 21:11:40.941893,44,4.5,Bangalore
9445,2025-11-01 21:11:40.941895,10,3.29,Delhi
3557,2025-10-25 21:11:40.941898,39,4.38,Mumbai
6592,2025-11-08 21:11:40.941901,13,0.1,Bangalore
1098,2025-11-01 21:11:40.941903,31,0.93,Mumbai
3200,2025-10-17 21:11:40.941905,7,2.01,Pune
3961,2025-10-17 21:11:40.941908,56,1.96,Delhi
5973,2025-10-27 21:11:40.941910,49,1.21,Mumbai
5433,2025-10-15 21:11:40.941912,42,1.97,Delhi
3869,2025-10-27 21:11:40.941914,42,0.73,Mumbai
1956,2025-11-03 21:11:40.941917,56,2.12,Pune
9352,2025-10-19 21:11:40.941919,36,4.03,Pune
6699,2025-10-21 21:11:40.941921,20,2.45,Delhi
7944,2025-10-27 21:11:40.941923,4,0.19,Pune
5493,2025-10-29 21:11:40.941926,54,2.17,Bangalore
5911,2025-11-01 21:11:40.941928,7,0.23,Mumbai
4987,2025-10-28 21:11:40.941930,54,4.83,Pune
7015,2025-10-20 21:11:40.941933,1,0.72,Bangalore
2218,2025-10-25 21:11:40.941935,44,3.57,Delhi
5496,2025-11-05 21:11:40.941937,56,4.87,Bangalore
5735,2025-10-23 21:11:40.941940,45,4.15,Delhi
5555,2025-10-27 21:11:40.941942,42,3.53,Delhi
9050,2025-10-21 21:11:40.941944,47,4.21,Mumbai
4446,2025-11-08 21:11:40.941947,59,4.91,Mumbai
2045,2025-10-22 21:11:40.941949,13,3.14,Bangalore
7893,2025-10-28 21:11:40.941951,55,2.84,Mumbai
2693,2025-11-07 21:11:40.941953,22,3.18,Mumbai
4436,2025-11-05 21:11:40.941956,54,2.71,Mumbai
9754,2025-10-19 21:11:40.941958,21,3.21,Bangalore
6895,2025-10-26 21:11:40.941960,22,2.3,Pune
4354,2025-10-19 21:11:40.941963,28,1.17,Mumbai
1225,2025-11-01 21:11:40.941965,9,0.69,Mumbai
5893,2025-10-29 21:11:40.941967,26,0.43,Bangalore
8022,2025-10-17 21:11:40.941970,9,1.39,Pune
6600,2025-10-18 21:11:40.941972,15,0.33,Mumbai
8996,2025-11-04 21:11:40.941974,10,2.88,Delhi
8683,2025-10-31 21:11:40.941976,24,1.49,Bangalore
5642,2025-10-18 21:11:40.941979,58,4.14,Mumbai
8679,2025-10-29 21:11:40.941981,57,0.46,Mumbai
9208,2025-11-03 21:11:40.941984,42,1.21,Delhi
8339,2025-10-28 21:11:40.941986,8,3.68,Delhi
3205,2025-11-06 21:11:40.941988,24,3.03,Bangalore
2069,2025-10-27 21:11:40.941991,16,0.42,Bangalore
4444,2025-10-21 21:11:40.941993,49,4.4,Delhi
2060,2025-10-18 21:11:40.941995,26,4.4,Bangalore
3327,2025-10-23 21:11:40.941997,27,1.72,Delhi
4420,2025-10-22 21:11:40.942000,37,1.77,Mumbai
1301,2025-10-18 21:11:40.942002,4,4.95,Delhi
1606,2025-11-06 21:11:40.942004,50,3.17,Delhi
4170,2025-10-30 21:11:40.942007,24,2.7,Pune
1699,2025-10-29 21:11:40.942009,19,4.21,Delhi
6088,2025-10-23 21:11:40.942011,36,1.5,Delhi
1190,2025-11-06 21:11:40.942014,39,2.2,Pune
1980,2025-11-04 21:11:40.942016,10,1.41,Bangalore
3975,2025-10-25 21:11:40.942018,25,3.97,Pune
7102,2025-10-28 21:11:40.942020,18,2.91,Mumbai
2184,2025-11-05 21:11:40.942023,19,3.33,Pune
4327,2025-10-26 21:11:40.942025,36,1.34,Mumbai
4394,2025-10-17 21:11:40.942027,10,1.18,Bangalore
9319,2025-10-21 21:11:40.942030,33,2.49,Pune
2816,2025-10-15 21:11:40.942032,55,3.71,Pune
6854,2025-10-26 21:11:40.942034,50,2.67,Bangalore
7709,2025-10-24 21:11:40.942036,5,0.26,Mumbai
1569,2025-11-06 21:11:40.942039,47,4.36,Pune
6442,2025-11-10 21:11:40.942041,49,0.42,Mumbai
2895,2025-10-26 21:11:40.942043,35,4.78,Pune
3733,2025-10-17 21:11:40.942046,44,0.22,Delhi
4863,2025-11-03 21:11:40.942048,34,3.5,Pune
8455,2025-11-06 21:11:40.942050,33,0.5,Bangalore
5014,2025-10-27 21:11:40.942052,55,4.56,Bangalore
2686,2025-10-30 21:11:40.942055,21,2.38,Mumbai
4009,2025-10-20 21:11:40.942057,17,0.77,Pune
8806,2025-11-10 21:11:40.942059,22,1.77,Mumbai
1154,2025-11-01 21:11:40.942062,48,0.91,Mumbai
2409,2025-10-16 21:11:40.942064,37,0.94,Delhi
1784,2025-10-31 21:11:40.942066,15,4.75,Delhi
9096,2025-11-11 21:11:40.942069,35,2.28,Bangalore
8560,2025-11-10 21:11:40.942071,28,3.97,Mumbai
8343,2025-11-08 21:11:40.942074,7,3.23,Bangalore
8206,2025-11-02 21:11:40.942076,32,3.41,Pune
6596,2025-11-05 21:11:40.942079,11,0.75,Mumbai
6801,2025-10-18 21:11:40.942082,10,1.25,Mumbai
3806,2025-10-21 21:11:40.942084,9,3.96,Pune
1537,2025-10-21 21:11:40.942086,14,4.86,Pune
6986,2025-11-01 21:11:40.942088,13,1.39,Bangalore
2841,2025-11-06 21:11:40.942091,57,1.43,Bangalore
9716,2025-10-29 21:11:40.942093,25,2.42,Pune
7971,2025-10-20 21:11:40.942095,2,4.92,Bangalore
6625,2025-10-27 21:11:40.942097,35,1.42,Pune
3950,2025-11-09 21:11:40.942100,7,2.09,Mumbai
8992,2025-10-15 21:11:40.942102,21,4.47,Mumbai
5780,2025-10-22 21:11:40.942104,18,0.11,Delhi
3368,2025-10-19 21:11:40.942107,3,0.29,Mumbai
7655,2025-10-31 21:11:40.942109,42,3.06,Pune
9173,2025-10-26 21:11:40.942111,54,4.55,Bangalore
5495,2025-11-12 21:11:40.942113,39,1.27,Delhi
7002,2025-10-28 21:11:40.942116,41,2.4,Bangalore
7614,2025-10-31 21:11:40.942118,49,2.31,Pune
6919,2025-11-03 21:11:40.942120,11,2.42,Mumbai
1853,2025-11-01 21:11:40.942122,39,3.15,Delhi
5146,2025-11-11 21:11:40.942125,24,2.4,Pune
4769,2025-10-21 21:11:40.942127,46,2.29,Delhi
1574,2025-11-10 21:11:40.942129,19,2.42,Delhi
2148,2025-11-03 21:11:40.942131,4,3.0,Mumbai
7293,2025-11-11 21:11:40.942134,26,2.73,Pune
7457,2025-10-17 21:11:40.942136,38,4.29,Bangalore
8509,2025-10-21 21:11:40.942138,42,0.34,Delhi
5777,2025-10-31 21:11:40.942140,32,4.18,Delhi
4854,2025-10-31 21:11:40.942143,39,4.24,Bangalore
3491,2025-10-26 21:11:40.942145,45,1.5,Pune
4124,2025-11-10 21:11:40.942147,46,2.37,Delhi
6691,2025-10-17 21:11:40.942149,36,2.25,Delhi
4051,2025-11-06 21:11:40.942152,40,1.17,Delhi
1004,2025-10-30 21:11:40.942154,37,2.04,Pune
6222,2025-10-24 21:11:40.942156,33,0.32,Pune
6315,2025-10-15 21:11:40.942159,36,1.46,Bangalore
5869,2025-10-27 21:11:40.942161,3,4.1,Pune
1876,2025-10-15 21:11:40.942163,9,1.49,Pune
8027,2025-10-23 21:11:40.942165,8,4.11,Mumbai
5142,2025-11-01 21:11:40.942168,33,2.7,Bangalore
7966,2025-10-19 21:11:40.942170,59,4.41,Delhi
8079,2025-10-28 21:11:40.942172,6,2.92,Pune
8987,2025-10-20 21:11:40.942175,41,0.25,Delhi
7799,2025-11-01 21:11:40.942177,39,3.41,Delhi
5465,2025-10-29 21:11:40.942180,4,0.32,Mumbai
1635,2025-10-19 21:11:40.942182,13,2.31,Pune
2693,2025-11-03 21:11:40.942184,49,4.65,Bangalore
5752,2025-10-19 21:11:40.942186,2,0.91,Pune
9311,2025-11-06 21:11:40.942189,5,2.01,Delhi
1830,2025-10-24 21:11:40.942191,44,3.68,Bangalore
6177,2025-11-08 21:11:40.942193,27,4.42,Pune
9932,2025-11-12 21:11:40.942195,32,3.39,Delhi
9308,2025-10-27 21:11:40.942198,21,1.37,Delhi
6949,2025-11-10 21:11:40.942200,8,3.41,Mumbai
3838,2025-10-31 21:11:40.942202,38,1.55,Mumbai
2150,2025-10-30 21:11:40.942205,8,3.62,Mumbai
8560,2025-10-20 21:11:40.942207,50,4.77,Delhi
2931,2025-10-26 21:11:40.942209,3,3.63,Pune
2664,2025-11-09 21:11:40.942211,54,4.33,Mumbai
2081,2025-10-26 21:11:40.942214,44,0.11,Pune
1512,2025-11-08 21:11:40.942216,58,3.62,Mumbai
8805,2025-10-19 21:11:40.942218,3,4.16,Bangalore
6237,2025-10-28 21:11:40.942220,22,0.3,Bangalore
1559,2025-11-12 21:11:40.942223,6,4.37,Mumbai
4672,2025-10-23 21:11:40.942225,2,1.36,Delhi
8404,2025-10-30 21:11:40.942227,23,3.36,Mumbai
4343,2025-10-29 21:11:40.942229,44,4.02,Mumbai
5070,2025-11-04 21:11:40.942232,2,3.35,Delhi
1580,2025-10-29 21:11:40.942234,38,0.55,Bangalore
8004,2025-10-27 21:11:40.942236,17,3.02,Pune
9130,2025-10-19 21:11:40.942238,35,2.79,Mumbai
4147,2025-10-20 21:11:40.942241,34,4.51,Delhi
5249,2025-11-09 21:11:40.942243,23,2.08,Mumbai
2679,2025-11-01 21:11:40.942245,30,1.67,Delhi
4506,2025-10-17 21:11:40.942247,52,3.77,Pune
8253,2025-10-18 21:11:40.942250,8,2.12,Pune
3744,2025-11-08 21:11:40.942252,22,3.27,Bangalore
6188,2025-10-15 21:11:40.942254,44,3.27,Delhi
3141,2025-11-08 21:11:40.942256,58,4.45,Delhi
7617,2025-11-02 21:11:40.942259,36,3.03,Bangalore
3479,2025-10-16 21:11:40.942261,5,2.56,Bangalore
7484,2025-11-07 21:11:40.942263,13,0.78,Delhi
8421,2025-11-06 21:11:40.942265,29,0.67,Bangalore
5452,2025-10-20 21:11:40.942268,31,0.86,Pune
6881,2025-10-30 21:11:40.942270,47,0.94,Mumbai
7665,2025-10-20 21:11:40.942274,57,3.23,Pune
3849,2025-11-02 21:11:40.942276,55,3.73,Bangalore
8390,2025-10-31 21:11:40.942278,16,2.7,Delhi
7905,2025-11-11 21:11:40.942280,42,4.16,Delhi
3489,2025-10-19 21:11:40.942283,30,4.96,Pune
5611,2025-11-06 21:11:40.942285,57,4.12,Delhi
3839,2025-10-24 21:11:40.942288,55,3.5,Bangalore
9527,2025-11-09 21:11:40.942290,16,2.71,Pune
6878,2025-10-17 21:11:40.942292,12,2.3,Delhi
7303,2025-11-05 21:11:40.942295,17,0.51,Mumbai
1851,2025-10-24 21:11:40.942297,16,2.06,Mumbai
2687,2025-10-15 21:11:40.942299,12,4.56,Bangalore
7833,2025-10-22 21:11:40.942301,8,4.06,Delhi
3427,2025-10-23 21:11:40.942304,20,1.16,Bangalore
5000,2025-10-25 21:11:40.942306,3,2.39,Pune
6052,2025-10-31 21:11:40.942308,16,4.1,Mumbai
3738,2025-10-30 21:11:40.942310,30,0.43,Pune
6732,2025-11-03 21:11:40.942313,45,2.0,Delhi
6387,2025-11-02 21:11:40.942315,23,4.27,Bangalore
9002,2025-11-11 21:11:40.942317,28,2.08,Bangalore
6536,2025-10-19 21:11:40.942319,51,0.48,Bangalore
4913,2025-10-18 21:11:40.942322,40,2.76,Pune
2066,2025-11-04 21:11:40.942324,54,4.32,Mumbai
8723,2025-10-27 21:11:40.942326,5,2.99,Pune
5380,2025-10-18 21:11:40.942328,20,1.21,Pune
5107,2025-11-10 21:11:40.942330,40,1.98,Delhi
6726,2025-10-20 21:11:40.942333,56,2.31,Delhi
4373,2025-11-07 21:11:40.942335,44,2.94,Delhi
9945,2025-11-08 21:11:40.942337,1,3.82,Mumbai
3082,2025-11-08 21:11:40.942339,57,0.58,Mumbai
9967,2025-10-22 21:11:40.942342,30,4.46,Delhi
7748,2025-10-29 21:11:40.942344,21,0.16,Delhi
1417,2025-10-21 21:11:40.942346,20,1.91,Mumbai
9306,2025-10-27 21:11:40.942348,6,0.23,Bangalore
9808,2025-11-04 21:11:40.942351,22,2.03,Mumbai
4974,2025-11-10 21:11:40.942353,18,2.68,Mumbai
4267,2025-10-24 21:11:40.942355,8,2.61,Mumbai
1825,2025-10-18 21:11:40.942357,39,0.91,Delhi
8668,2025-10-27 21:11:40.942360,32,3.26,Bangalore
6745,2025-10-15 21:11:40.942362,33,0.32,Mumbai
1412,2025-10-17 21:11:40.942364,53,3.83,Delhi
8543,2025-11-03 21:11:40.942366,16,4.74,Pune
8587,2025-11-10 21:11:40.942368,12,1.76,Pune
1728,2025-10-26 21:11:40.942371,38,2.63,Mumbai
8164,2025-10-26 21:11:40.942373,52,1.96,Pune
9867,2025-10-27 21:11:40.942375,34,0.13,Bangalore
6988,2025-10-20 21:11:40.942377,14,1.99,Pune
3504,2025-11-10 21:11:40.942380,36,3.98,Pune
3967,2025-11-10 21:11:40.942382,33,3.02,Bangalore
3786,2025-11-07 21:11:40.942384,23,0.6,Mumbai
2122,2025-10-31 21:11:40.942386,50,4.25,Mumbai
5079,2025-10-20 21:11:40.942388,45,2.7,Bangalore
2571,2025-10-15 21:11:40.942391,2,4.22,Bangalore
6073,2025-10-29 21:11:40.942393,41,2.94,Bangalore
6104,2025-10-19 21:11:40.942395,21,2.84,Pune
3143,2025-11-04 21:11:40.942397,2,0.62,Bangalore
7806,2025-11-09 21:11:40.942400,27,0.92,Delhi
8357,2025-10-30 21:11:40.942402,57,4.86,Pune
4440,2025-11-08 21:11:40.942404,9,1.22,Mumbai
4766,2025-11-11 21:11:40.942407,1,4.89,Mumbai
6644,2025-11-02 21:11:40.942409,11,2.71,Mumbai
3914,2025-11-04 21:11:40.942412,3,0.77,Pune
5968,2025-10-20 21:11:40.942414,52,0.59,Delhi
6917,2025-11-10 21:11:40.942416,23,1.12,Bangalore
9787,2025-10-17 21:11:40.942418,26,4.64,Bangalore
1728,2025-10-16 21:11:40.942421,4,2.13,Mumbai
2365,2025-10-15 21:11:40.942423,18,2.04,Mumbai
5492,2025-11-04 21:11:40.942425,55,1.63,Pune
1698,2025-11-10 21:11:40.942427,6,0.82,Delhi
8186,2025-10-19 21:11:40.942430,35,2.49,Bangalore
1395,2025-11-11 21:11:40.942432,22,0.74,Pune
8400,2025-11-01 21:11:40.942434,43,4.19,Bangalore
9082,2025-11-03 21:11:40.942436,15,1.91,Mumbai
5171,2025-11-04 21:11:40.942439,22,1.94,Bangalore
5360,2025-10-29 21:11:40.942441,37,2.42,Delhi
3502,2025-11-05 21:11:40.942443,52,2.28,Delhi
1717,2025-10-19 21:11:40.942445,42,4.97,Mumbai
3782,2025-11-08 21:11:40.942447,12,2.77,Delhi
5946,2025-11-02 21:11:40.942450,47,0.53,Delhi
6486,2025-10-17 21:11:40.942452,49,3.07,Pune
9335,2025-11-11 21:11:40.942454,42,0.84,Bangalore
5980,2025-10-20 21:11:40.942456,38,0.25,Mumbai
8266,2025-10-16 21:11:40.942459,18,4.86,Mumbai
5491,2025-10-29 21:11:40.942461,45,3.89,Mumbai
8192,2025-11-07 21:11:40.942463,35,4.9,Mumbai
6588,2025-11-05 21:11:40.942467,30,2.44,Mumbai
8651,2025-10-17 21:11:40.942469,24,2.71,Delhi
4636,2025-11-08 21:11:40.942471,42,0.92,Pune
2167,2025-10-28 21:11:40.942473,30,1.31,Mumbai
2062,2025-10-18 21:11:40.942476,14,4.21,Pune
3156,2025-10-26 21:11:40.942478,6,1.85,Pune
8860,2025-11-07 21:11:40.942480,3,4.15,Delhi
6161,2025-11-08 21:11:40.942482,16,3.57,Mumbai
6305,2025-10-16 21:11:40.942485,7,0.97,Delhi
7541,2025-10-28 21:11:40.942487,52,2.59,Mumbai
5729,2025-10-31 21:11:40.942489,14,3.42,Delhi
8330,2025-10-16 21:11:40.942492,9,1.25,Pune
6334,2025-11-08 21:11:40.942494,15,4.17,Mumbai
9924,2025-10-31 21:11:40.942496,21,2.77,Bangalore
5330,2025-10-27 21:11:40.942498,35,0.91,Pune
9010,2025-10-26 21:11:40.942500,2,2.96,Bangalore
7801,2025-11-05 21:11:40.942503,27,5.0,Pune
5846,2025-10-31 21:11:40.942505,2,0.84,Delhi
7731,2025-10-15 21:11:40.942507,35,4.1,Mumbai
8241,2025-10-25 21:11:40.942509,18,1.12,Pune
1953,2025-10-18 21:11:40.942512,14,3.93,Delhi
3539,2025-11-10 21:11:40.942514,20,3.7,Mumbai
8056,2025-10-20 21:11:40.942516,18,1.57,Mumbai
2542,2025-11-05 21:11:40.942519,10,1.7,Pune
6293,2025-11-11 21:11:40.942521,25,3.98,Mumbai
2191,2025-11-05 21:11:40.942523,2,2.36,Pune
7313,2025-10-17 21:11:40.942525,25,3.68,Mumbai
7938,2025-10-31 21:11:40.942528,54,0.83,Bangalore
3681,2025-10-31 21:11:40.942530,33,4.28,Delhi
2540,2025-11-12 21:11:40.942532,36,3.58,Bangalore
7172,2025-11-07 21:11:40.942535,31,4.54,Pune
6541,2025-10-20 21:11:40.942537,14,0.75,Bangalore
2365,2025-10-25 21:11:40.942539,1,3.01,Pune
9691,2025-10-28 21:11:40.942541,46,3.04,Mumbai
9702,2025-11-05 21:11:40.942544,16,1.83,Mumbai
8494,2025-10-16 21:11:40.942546,54,2.35,Pune
5312,2025-11-12 21:11:40.942548,46,0.29,Bangalore
2324,2025-10-17 21:11:40.942550,52,3.75,Mumbai
4141,2025-10-17 21:11:40.942553,3,2.79,Delhi
8419,2025-10-28 21:11:40.942555,35,0.38,Mumbai
4486,2025-11-04 21:11:40.942558,41,3.44,Delhi
2810,2025-10-31 21:11:40.942560,6,2.39,Bangalore
7588,2025-11-02 21:11:40.942562,25,0.27,Delhi
3923,2025-10-31 21:11:40.942565,13,4.85,Delhi
6301,2025-10-19 21:11:40.942567,53,4.75,Delhi
5186,2025-10-23 21:11:40.942569,34,2.61,Delhi
9905,2025-11-03 21:11:40.942572,8,0.56,Mumbai
6977,2025-11-09 21:11:40.942574,21,3.8,Delhi
5268,2025-10-17 21:11:40.942576,34,2.51,Mumbai
5748,2025-11-07 21:11:40.942578,4,1.58,Delhi
5849,2025-10-16 21:11:40.942581,25,2.51,Pune
4709,2025-11-06 21:11:40.942583,15,2.66,Bangalore
7619,2025-11-08 21:11:40.942585,4,2.86,Delhi
9647,2025-11-02 21:11:40.942587,45,2.26,Pune
4072,2025-10-31 21:11:40.942590,12,3.07,Delhi
7530,2025-10-18 21:11:40.942592,32,4.6,Delhi
1504,2025-10-19 21:11:40.942594,32,1.88,Delhi
2214,2025-10-25 21:11:40.942596,28,3.66,Pune
2531,2025-10-21 21:11:40.942599,13,4.48,Bangalore
8576,2025-11-03 21:11:40.942601,31,2.33,Pune
1823,2025-11-03 21:11:40.942603,14,2.27,Bangalore
1928,2025-11-02 21:11:40.942606,20,3.05,Delhi
6029,2025-10-23 21:11:40.942608,18,3.0,Mumbai
1133,2025-11-06 21:11:40.942610,29,4.05,Delhi
3105,2025-10-26 21:11:40.942612,6,2.43,Bangalore
4627,2025-11-09 21:11:40.942615,32,4.98,Pune
7316,2025-11-11 21:11:40.942617,29,0.39,Delhi
2852,2025-10-30 21:11:40.942619,43,0.12,Pune
5910,2025-10-31 21:11:40.942622,2,3.24,Pune
5175,2025-10-15 21:11:40.942624,23,1.56,Pune
6348,2025-11-01 21:11:40.942626,19,1.28,Delhi
7190,2025-11-06 21:11:40.942628,31,1.63,Pune
2256,2025-11-11 21:11:40.942631,51,1.35,Pune
4376,2025-10-31 21:11:40.942633,5,0.25,Delhi
6645,2025-10-30 21:11:40.942635,19,4.86,Pune
4486,2025-10-17 21:11:40.942638,34,1.18,Delhi
4584,2025-10-27 21:11:40.942640,10,3.7,Bangalore
9053,2025-11-04 21:11:40.942642,25,3.84,Bangalore
4330,2025-10-27 21:11:40.942644,2,4.65,Bangalore
3703,2025-11-05 21:11:40.942647,11,0.25,Pune
9662,2025-11-11 21:11:40.942649,50,4.37,Mumbai
9120,2025-10-16 21:11:40.942651,31,2.68,Mumbai
8114,2025-10-20 21:11:40.942653,56,3.2,Pune
2353,2025-10-31 21:11:40.942656,15,3.26,Mumbai
6063,2025-11-10 21:11:40.942658,9,4.12,Delhi
9549,2025-10-28 21:11:40.942660,23,1.73,Mumbai
8575,2025-11-07 21:11:40.942664,19,3.69,Pune
1667,2025-10-25 21:11:40.942666,9,2.69,Pune
5468,2025-11-06 21:11:40.942668,35,3.99,Delhi
7819,2025-11-03 21:11:40.942671,21,4.95,Bangalore
4719,2025-11-04 21:11:40.942673,9,1.08,Pune
3745,2025-11-11 21:11:40.942675,28,4.97,Delhi
8483,2025-10-16 21:11:40.942678,46,0.54,Mumbai
1539,2025-10-16 21:11:40.942680,51,0.11,Mumbai
5964,2025-10-29 21:11:40.942682,7,0.32,Delhi
5835,2025-11-08 21:11:40.942684,16,1.77,Delhi
4775,2025-10-15 21:11:40.942687,16,3.2,Pune
7042,2025-10-22 21:11:40.942689,33,0.44,Mumbai
8102,2025-11-09 21:11:40.942691,4,0.13,Delhi
8312,2025-10-24 21:11:40.942693,4,4.69,Mumbai
6320,2025-11-09 21:11:40.942696,39,4.13,Delhi
7132,2025-10-26 21:11:40.942698,40,4.06,Mumbai
8891,2025-11-09 21:11:40.942700,17,4.43,Bangalore
3779,2025-10-17 21:11:40.942702,37,3.53,Pune
1924,2025-10-27 21:11:40.942705,39,0.61,Mumbai
2581,2025-11-01 21:11:40.942707,52,2.06,Bangalore
8714,2025-10-22 21:11:40.942709,29,3.64,Mumbai
4324,2025-10-27 21:11:40.942711,52,1.47,Mumbai
6713,2025-11-03 21:11:40.942714,36,3.47,Bangalore
8026,2025-10-22 21:11:40.942716,38,0.22,Mumbai
1255,2025-11-12 21:11:40.942718,39,1.6,Mumbai
5804,2025-10-22 21:11:40.942720,50,2.79,Pune
2838,2025-10-18 21:11:40.942723,37,3.2,Bangalore
1009,2025-10-20 21:11:40.942725,52,2.93,Bangalore
3871,2025-10-17 21:11:40.942728,35,3.52,Delhi
9989,2025-10-26 21:11:40.942730,7,0.13,Mumbai
8409,2025-10-26 21:11:40.942732,27,0.59,Pune
8418,2025-10-30 21:11:40.942734,28,4.36,Mumbai
6124,2025-10-29 21:11:40.942737,22,3.44,Mumbai
2015,2025-10-15 21:11:40.942739,14,0.65,Delhi
3193,2025-11-01 21:11:40.942741,7,4.23,Mumbai
9415,2025-11-09 21:11:40.942743,37,1.29,Pune
8449,2025-10-17 21:11:40.942746,22,2.44,Pune
5158,2025-11-10 21:11:40.942748,5,0.81,Delhi
4925,2025-10-24 21:11:40.942750,55,3.58,Mumbai
7970,2025-10-15 21:11:40.942752,2,3.37,Pune
7938,2025-11-01 21:11:40.942755,27,1.13,Mumbai
5784,2025-11-06 21:11:40.942757,21,4.33,Mumbai
5000,2025-10-15 21:11:40.942759,54,2.07,Mumbai
2633,2025-11-02 21:11:40.942761,38,1.53,Delhi
8266,2025-11-12 21:11:40.942764,15,0.85,Mumbai
9702,2025-11-07 21:11:40.942766,21,1.4,Pune
1384,2025-10-29 21:11:40.942768,10,0.21,Mumbai
1404,2025-10-29 21:11:40.942770,23,2.96,Pune
9175,2025-10-25 21:11:40.942773,58,4.23,Mumbai
3000,2025-11-02 21:11:40.942775,56,2.79,Pune
6989,2025-10-18 21:11:40.942777,39,1.17,Pune
2460,2025-10-21 21:11:40.942779,5,0.26,Mumbai
8190,2025-10-18 21:11:40.942782,1,1.15,Mumbai
8140,2025-11-11 21:11:40.942784,13,2.14,Pune
4636,2025-10-30 21:11:40.942786,21,3.82,Bangalore
5809,2025-11-11 21:11:40.942788,26,1.02,Delhi
5178,2025-10-15 21:11:40.942791,50,3.63,Bangalore
8245,2025-11-09 21:11:40.942793,45,4.35,Bangalore
7600,2025-10-27 21:11:40.942795,21,2.32,Mumbai
6997,2025-11-10 21:11:40.942797,53,4.13,Delhi
3048,2025-10-31 21:11:40.942800,18,2.82,Bangalore
5780,2025-11-04 21:11:40.942802,37,3.22,Mumbai
1716,2025-11-06 21:11:40.942804,45,2.68,Bangalore
8939,2025-10-29 21:11:40.942806,32,2.37,Bangalore
6565,2025-10-21 21:11:40.942809,36,1.25,Mumbai
5544,2025-10-15 21:11:40.942811,17,1.59,Mumbai
5976,2025-10-15 21:11:40.942813,35,1.52,Mumbai
4419,2025-11-02 21:11:40.942816,49,2.86,Delhi
8239,2025-10-24 21:11:40.942818,11,0.69,Bangalore
1249,2025-11-11 21:11:40.942820,21,4.59,Mumbai
9865,2025-10-29 21:11:40.942822,52,3.63,Pune
1770,2025-10-30 21:11:40.942824,55,2.07,Bangalore
5363,2025-10-24 21:11:40.942827,53,0.88,Pune
2077,2025-10-22 21:11:40.942829,26,4.42,Delhi
9427,2025-11-02 21:11:40.942831,4,4.14,Mumbai
9580,2025-10-17 21:11:40.942833,34,3.64,Pune
8901,2025-11-10 21:11:40.942836,52,1.43,Delhi
5858,2025-10-27 21:11:40.942838,48,2.07,Mumbai
7544,2025-11-01 21:11:40.942840,18,0.6,Pune
5719,2025-10-20 21:11:40.942842,40,1.03,Pune
3814,2025-10-16 21:11:40.942845,35,3.94,Delhi
4374,2025-10-15 21:11:40.942847,41,3.6,Mumbai
2252,2025-10-23 21:11:40.942849,29,3.01,Mumbai
7996,2025-10-29 21:11:40.942851,52,4.49,Pune
5673,2025-10-28 21:11:40.942855,29,2.96,Pune
5530,2025-11-08 21:11:40.942857,38,2.39,Pune
7881,2025-10-17 21:11:40.942859,42,1.77,Mumbai
7949,2025-10-24 21:11:40.942862,21,4.71,Delhi
7241,2025-11-07 21:11:40.942864,42,0.51,Delhi
9017,2025-10-25 21:11:40.942866,13,4.66,Mumbai
7941,2025-10-19 21:11:40.942868,49,4.15,Bangalore
8002,2025-11-08 21:11:40.942871,41,0.74,Delhi
2331,2025-11-10 21:11:40.942873,17,2.87,Pune
5261,2025-10-17 21:11:40.942875,56,4.35,Bangalore
8648,2025-11-12 21:11:40.942878,9,2.9,Bangalore
6115,2025-10-18 21:11:40.942880,41,4.55,Delhi
5637,2025-10-16 21:11:40.942882,1,4.72,Bangalore
5854,2025-11-07 21:11:40.942884,2,2.17,Bangalore
4177,2025-10-29 21:11:40.942887,48,1.95,Delhi
8730,2025-11-11 21:11:40.942889,29,4.69,Delhi
3180,2025-10-15 21:11:40.942891,33,3.41,Bangalore
5892,2025-11-10 21:11:40.942893,10,0.67,Pune
8043,2025-10-27 21:11:40.942896,50,0.31,Mumbai
1137,2025-10-19 21:11:40.942898,58,2.87,Bangalore
7327,2025-10-20 21:11:40.942900,40,4.66,Bangalore
4472,2025-11-01 21:11:40.942902,21,4.24,Pune
6449,2025-10-26 21:11:40.942905,28,3.41,Bangalore
3832,2025-10-29 21:11:40.942908,11,0.78,Bangalore
4579,2025-11-01 21:11:40.942910,55,1.35,Mumbai
6971,2025-10-28 21:11:40.942914,34,4.39,Mumbai
5164,2025-10-17 21:11:40.942918,8,1.0,Mumbai
8941,2025-11-05 21:11:40.942921,59,1.46,Delhi
6569,2025-10-16 21:11:40.942925,22,0.74,Delhi
5300,2025-10-30 21:11:40.942929,8,3.41,Mumbai
7269,2025-10-19 21:11:40.942933,49,4.73,Mumbai
4818,2025-10-27 21:11:40.942938,15,1.42,Delhi
2906,2025-10-15 21:11:40.942942,17,2.43,Pune
7254,2025-10-23 21:11:40.942946,23,3.21,Bangalore
1760,2025-11-05 21:11:40.942949,24,5.0,Bangalore
8830,2025-10-29 21:11:40.942953,45,0.61,Mumbai
8350,2025-10-17 21:11:40.942957,19,2.54,Pune
7238,2025-10-30 21:11:40.942961,5,1.99,Delhi
7090,2025-10-26 21:11:40.942965,32,4.34,Mumbai
7031,2025-10-24 21:11:40.942970,44,2.43,Pune
8687,2025-11-06 21:11:40.942973,1,0.64,Pune
9472,2025-11-10 21:11:40.942975,23,3.21,Pune
2887,2025-10-15 21:11:40.942977,37,3.88,Delhi
4266,2025-11-01 21:11:40.942980,8,0.11,Delhi
1666,2025-10-23 21:11:40.942982,13,4.31,Bangalore
5188,2025-10-20 21:11:40.942984,8,1.01,Bangalore
1671,2025-10-16 21:11:40.942986,57,2.81,Pune
7777,2025-10-18 21:11:40.942989,23,2.14,Pune
8570,2025-11-10 21:11:40.942991,43,3.63,Delhi
8956,2025-10-24 21:11:40.942994,1,1.92,Bangalore
6124,2025-10-30 21:11:40.942996,45,4.36,Pune
6585,2025-10-29 21:11:40.942998,51,3.68,Bangalore
5777,2025-10-19 21:11:40.943001,24,3.27,Bangalore
4900,2025-10-30 21:11:40.943003,35,4.0,Pune
7677,2025-11-06 21:11:40.943005,24,3.79,Delhi
7981,2025-10-27 21:11:40.943007,17,0.28,Pune
7376,2025-11-01 21:11:40.943010,5,2.03,Pune
1523,2025-10-24 21:11:40.943012,20,4.66,Bangalore
3393,2025-11-09 21:11:40.943014,21,0.72,Pune
3593,2025-11-04 21:11:40.943016,40,3.71,Delhi
8240,2025-11-07 21:11:40.943019,58,4.88,Pune
7937,2025-10-28 21:11:40.943021,31,0.36,Delhi
7190,2025-10-19 21:11:40.943023,46,3.44,Delhi
6240,2025-10-16 21:11:40.943025,36,2.39,Bangalore
7493,2025-10-22 21:11:40.943028,11,2.94,Mumbai
3878,2025-10-22 21:11:40.943030,52,0.52,Mumbai
5143,2025-10-23 21:11:40.943032,15,0.31,Bangalore
4644,2025-10-23 21:11:40.943034,19,3.37,Pune
5432,2025-11-11 21:11:40.943037,7,4.13,Bangalore
2276,2025-10-20 21:11:40.943039,51,3.93,Delhi
6811,2025-11-05 21:11:40.943041,28,2.76,Mumbai
1302,2025-11-02 21:11:40.943043,51,0.59,Bangalore
1638,2025-10-31 21:11:40.943046,43,3.47,Pune
1055,2025-10-27 21:11:40.943049,58,1.29,Bangalore
9717,2025-11-05 21:11:40.943053,5,4.56,Mumbai
9150,2025-10-23 21:11:40.943057,5,4.21,Bangalore
3125,2025-10-26 21:11:40.943061,30,3.58,Bangalore
1364,2025-10-26 21:11:40.943063,54,4.75,Mumbai
7809,2025-10-30 21:11:40.943065,32,0.25,Delhi
5621,2025-10-29 21:11:40.943068,8,3.71,Delhi
6126,2025-11-07 21:11:40.943070,10,1.72,Mumbai
6122,2025-11-02 21:11:40.943072,38,4.54,Bangalore
2646,2025-10-31 21:11:40.943075,47,1.41,Mumbai
1918,2025-10-19 21:11:40.943077,32,3.65,Delhi
3797,2025-11-12 21:11:40.943079,48,4.4,Pune
7506,2025-10-16 21:11:40.943083,28,0.3,Bangalore
6870,2025-11-07 21:11:40.943085,17,2.05,Delhi
2531,2025-11-04 21:11:40.943087,31,3.84,Bangalore
9172,2025-11-05 21:11:40.943090,8,2.33,Mumbai
4345,2025-11-02 21:11:40.943092,40,1.41,Pune
8673,2025-10-22 21:11:40.943094,25,1.18,Mumbai
7949,2025-10-25 21:11:40.943096,9,0.74,Pune
7882,2025-10-20 21:11:40.943099,2,4.3,Bangalore
2906,2025-11-04 21:11:40.943101,15,2.92,Bangalore
4086,2025-10-27 21:11:40.943103,50,0.47,Mumbai
9152,2025-11-01 21:11:40.943105,3,1.97,Pune
6750,2025-10-19 21:11:40.943108,49,1.9,Pune
9905,2025-10-30 21:11:40.943110,36,0.99,Bangalore
2062,2025-10-29 21:11:40.943112,4,2.23,Mumbai
2976,2025-10-28 21:11:40.943115,14,1.73,Pune
2296,2025-10-22 21:11:40.943117,41,1.77,Bangalore
7229,2025-10-22 21:11:40.943119,41,3.72,Delhi
8641,2025-10-16 21:11:40.943121,25,1.19,Mumbai
1125,2025-10-24 21:11:40.943124,58,3.25,Delhi
5632,2025-11-12 21:11:40.943126,55,2.9,Mumbai
7288,2025-11-03 21:11:40.943128,50,2.88,Bangalore
4596,2025-11-05 21:11:40.943130,10,3.35,Pune
7168,2025-10-26 21:11:40.943133,21,2.79,Pune
8561,2025-10-16 21:11:40.943135,36,4.41,Pune
9258,2025-11-12 21:11:40.943137,12,3.41,Mumbai
1232,2025-11-11 21:11:40.943146,27,2.78,Bangalore
7371,2025-11-12 21:11:40.943148,40,4.17,Delhi
5206,2025-11-12 21:11:40.943151,2,3.07,Bangalore
8943,2025-11-04 21:11:40.943153,54,1.53,Delhi
7891,2025-10-31 21:11:40.943155,13,1.11,Mumbai
7738,2025-11-12 21:11:40.943157,53,0.85,Mumbai
3472,2025-10-31 21:11:40.943160,32,4.51,Delhi
3739,2025-10-24 21:11:40.943162,31,3.58,Delhi
6401,2025-10-18 21:11:40.943164,16,4.69,Delhi
2761,2025-10-22 21:11:40.943166,32,3.06,Bangalore
1876,2025-11-06 21:11:40.943169,32,2.42,Delhi
4812,2025-11-11 21:11:40.943171,34,0.39,Mumbai
2460,2025-11-07 21:11:40.943173,11,3.39,Mumbai
2733,2025-11-06 21:11:40.943175,10,2.95,Pune
2605,2025-10-18 21:11:40.943178,15,4.95,Delhi
6622,2025-10-30 21:11:40.943180,17,1.27,Bangalore
7767,2025-10-18 21:11:40.943182,40,2.7,Bangalore
7986,2025-10-26 21:11:40.943184,18,3.29,Bangalore
4517,2025-10-29 21:11:40.943186,55,3.26,Pune
4735,2025-11-11 21:11:40.943189,9,2.85,Mumbai
9434,2025-11-03 21:11:40.943191,25,3.91,Bangalore
3590,2025-10-21 21:11:40.943193,40,1.1,Mumbai
2063,2025-11-01 21:11:40.943195,59,3.66,Pune
5324,2025-10-27 21:11:40.943198,14,3.14,Delhi
6342,2025-11-05 21:11:40.943200,58,4.49,Delhi
1005,2025-11-02 21:11:40.943202,25,4.25,Delhi
8489,2025-10-15 21:11:40.943204,50,1.64,Bangalore
9659,2025-11-10 21:11:40.943207,22,1.45,Delhi
9195,2025-10-17 21:11:40.943209,52,4.91,Bangalore
6966,2025-11-07 21:11:40.943211,30,2.68,Pune
9837,2025-11-04 21:11:40.943213,20,4.54,Pune
1117,2025-11-07 21:11:40.943216,21,0.9,Bangalore
3551,2025-11-04 21:11:40.943218,44,3.25,Mumbai
6560,2025-11-06 21:11:40.943220,32,4.07,Delhi
5289,2025-11-04 21:11:40.943222,51,4.74,Delhi
1846,2025-10-26 21:11:40.943225,46,1.75,Delhi
7316,2025-11-01 21:11:40.943227,49,3.65,Bangalore
7469,2025-11-05 21:11:40.943229,56,2.74,Pune
9915,2025-11-05 21:11:40.943231,21,0.4,Delhi
1224,2025-10-26 21:11:40.943234,35,3.48,Pune
5208,2025-10-16 21:11:40.943236,58,3.48,Delhi
7283,2025-10-24 21:11:40.943238,32,4.66,Delhi
3048,2025-10-29 21:11:40.943241,30,2.54,Bangalore
7233,2025-10-17 21:11:40.943243,55,1.23,Mumbai
2828,2025-11-06 21:11:40.943245,39,0.32,Bangalore
2917,2025-11-02 21:11:40.943247,49,2.14,Delhi
5234,2025-10-24 21:11:40.943250,12,1.58,Delhi
7988,2025-10-28 21:11:40.943252,41,3.83,Mumbai
3026,2025-11-09 21:11:40.943254,47,1.84,Pune
4744,2025-11-07 21:11:40.943256,18,4.75,Pune
1009,2025-10-18 21:11:40.943259,21,4.82,Delhi
1260,2025-10-22 21:11:40.943261,13,3.14,Pune
7038,2025-10-18 21:11:40.943263,21,4.65,Delhi
3219,2025-11-10 21:11:40.943265,8,3.83,Mumbai
8041,2025-11-04 21:11:40.943268,46,2.78,Mumbai
3060,2025-10-16 21:11:40.943270,40,0.98,Delhi
6287,2025-11-03 21:11:40.943272,46,2.35,Mumbai
2619,2025-10-30 21:11:40.943275,7,2.85,Bangalore
9512,2025-11-02 21:11:40.943277,23,4.33,Bangalore
2342,2025-10-26 21:11:40.943279,44,2.46,Mumbai
3832,2025-10-22 21:11:40.943283,32,4.5,Delhi
3824,2025-11-01 21:11:40.943285,11,3.4,Delhi
2994,2025-10-21 21:11:40.943288,22,0.77,Mumbai
4490,2025-11-01 21:11:40.943290,22,4.98,Pune
8984,2025-10-31 21:11:40.943292,43,2.68,Bangalore
2604,2025-10-19 21:11:40.943294,25,2.02,Pune
1235,2025-10-31 21:11:40.943297,22,3.33,Delhi
2908,2025-10-25 21:11:40.943299,28,0.63,Delhi
9567,2025-10-18 21:11:40.943301,29,3.22,Pune
4530,2025-10-25 21:11:40.943304,13,2.54,Mumbai
6256,2025-10-21 21:11:40.943306,18,2.09,Pune
3635,2025-10-30 21:11:40.943308,2,4.77,Pune
9162,2025-11-09 21:11:40.943310,29,2.66,Bangalore
3560,2025-10-31 21:11:40.943313,21,1.17,Bangalore
6415,2025-11-05 21:11:40.943315,15,2.35,Pune
4391,2025-10-15 21:11:40.943317,52,4.6,Pune
6951,2025-10-21 21:11:40.943320,27,0.96,Delhi
6468,2025-10-23 21:11:40.943322,50,1.15,Bangalore
9007,2025-10-21 21:11:40.943324,31,0.16,Bangalore
7413,2025-10-25 21:11:40.943327,15,0.17,Delhi
7941,2025-11-01 21:11:40.943329,51,4.16,Mumbai
5820,2025-10-26 21:11:40.943331,23,3.69,Bangalore
3898,2025-11-07 21:11:40.943333,24,1.84,Bangalore
8546,2025-10-26 21:11:40.943336,44,3.52,Mumbai
1077,2025-10-25 21:11:40.943338,13,2.04,Bangalore
8577,2025-10-22 21:11:40.943340,22,4.77,Bangalore
5227,2025-11-08 21:11:40.943342,43,4.84,Mumbai
1600,2025-10-20 21:11:40.943345,37,2.02,Mumbai
2065,2025-11-04 21:11:40.943347,33,4.29,Pune
3136,2025-10-17 21:11:40.943349,56,3.89,Delhi
7943,2025-11-10 21:11:40.943352,3,1.62,Delhi
8804,2025-10-16 21:11:40.943354,54,1.24,Mumbai
7565,2025-11-03 21:11:40.943356,19,2.35,Mumbai
6984,2025-10-25 21:11:40.943358,23,3.93,Bangalore
6142,2025-11-10 21:11:40.943360,29,4.8,Pune
5670,2025-10-15 21:11:40.943363,30,3.84,Pune
3190,2025-10-15 21:11:40.943365,39,4.29,Mumbai
3712,2025-10-22 21:11:40.943367,44,3.06,Bangalore
3192,2025-10-29 21:11:40.943369,47,4.19,Bangalore
2248,2025-11-12 21:11:40.943372,25,3.94,Delhi
5033,2025-11-06 21:11:40.943377,37,1.95,Delhi
2997,2025-11-01 21:11:40.943379,47,2.8,Bangalore
4687,2025-10-27 21:11:40.943381,8,4.04,Delhi
5018,2025-10-23 21:11:40.943384,42,0.33,Mumbai
2970,2025-10-18 21:11:40.943386,58,4.06,Bangalore
9389,2025-10-15 21:11:40.943388,16,0.97,Delhi
6765,2025-10-20 21:11:40.943390,8,2.62,Pune
2202,2025-10-24 21:11:40.943393,1,4.06,Bangalore
9135,2025-11-08 21:11:40.943395,44,1.34,Bangalore
6567,2025-11-09 21:11:40.943397,5,1.3,Pune
8667,2025-10-16 21:11:40.943399,3,2.07,Mumbai
6742,2025-11-01 21:11:40.943402,1,4.48,Pune
6788,2025-10-24 21:11:40.943404,4,0.1,Bangalore
6408,2025-10-16 21:11:40.943406,40,4.52,Mumbai
9669,2025-10-20 21:11:40.943409,35,0.85,Delhi
1922,2025-10-26 21:11:40.943411,32,4.95,Delhi
1419,2025-10-27 21:11:40.943413,42,4.78,Delhi
3204,2025-10-25 21:11:40.943415,34,2.52,Bangalore
2120,2025-11-04 21:11:40.943418,43,2.61,Pune
1950,2025-11-09 21:11:40.943420,25,2.46,Mumbai
3336,2025-10-18 21:11:40.943422,10,3.21,Delhi
6373,2025-10-23 21:11:40.943425,21,0.54,Mumbai
3243,2025-11-11 21:11:40.943427,46,0.26,Bangalore
3645,2025-11-09 21:11:40.943429,39,0.38,Delhi
5612,2025-11-11 21:11:40.943432,27,2.28,Bangalore
2865,2025-10-29 21:11:40.943434,27,1.45,Pune
7028,2025-11-11 21:11:40.943436,2,3.15,Bangalore
8326,2025-11-09 21:11:40.943438,41,4.96,Bangalore
7371,2025-11-07 21:11:40.943441,48,1.99,Pune
7359,2025-11-06 21:11:40.943443,13,2.91,Mumbai
8863,2025-11-03 21:11:40.943445,9,2.14,Pune
4228,2025-10-25 21:11:40.943447,52,4.25,Pune
4719,2025-10-25 21:11:40.943450,36,4.52,Bangalore
3371,2025-10-18 21:11:40.943452,22,4.4,Mumbai
3891,2025-10-22 21:11:40.943454,42,4.87,Delhi
4756,2025-10-15 21:11:40.943457,26,0.23,Pune
5225,2025-11-01 21:11:40.943459,58,4.22,Mumbai
1094,2025-11-10 21:11:40.943461,54,3.78,Pune
3674,2025-10-31 21:11:40.943463,12,1.22,Pune
7898,2025-10-26 21:11:40.943466,17,4.79,Pune
1793,2025-11-05 21:11:40.943468,14,0.83,Pune
3116,2025-10-23 21:11:40.943470,14,3.43,Bangalore
6779,2025-10-29 21:11:40.943472,57,1.2,Mumbai
7166,2025-11-12 21:11:40.943475,34,2.21,Mumbai
1814,2025-11-10 21:11:40.943477,53,3.62,Mumbai
1345,2025-10-18 21:11:40.943479,57,2.86,Pune
9554,2025-11-05 21:11:40.943484,20,2.19,Bangalore
3443,2025-11-09 21:11:40.943486,11,1.7,Pune
8783,2025-10-28 21:11:40.943488,16,4.21,Pune
1984,2025-10-21 21:11:40.943491,51,0.8,Mumbai
8790,2025-11-03 21:11:40.943493,31,2.21,Pune
1827,2025-11-01 21:11:40.943495,55,4.53,Delhi
4531,2025-10-30 21:11:40.943498,6,4.24,Pune
8147,2025-10-30 21:11:40.943500,56,2.06,Delhi
5451,2025-11-11 21:11:40.943502,19,3.84,Pune
4876,2025-10-21 21:11:40.943504,37,4.13,Bangalore
6959,2025-11-08 21:11:40.943507,58,4.46,Bangalore
1126,2025-11-08 21:11:40.943509,4,2.77,Mumbai
4177,2025-11-07 21:11:40.943511,47,1.1,Pune
9795,2025-10-31 21:11:40.943513,4,1.35,Delhi
7024,2025-11-04 21:11:40.943516,20,1.55,Delhi
6109,2025-10-22 21:11:40.943518,10,3.01,Pune
5146,2025-10-16 21:11:40.943520,24,0.26,Delhi
8196,2025-10-15 21:11:40.943522,54,3.22,Bangalore
4368,2025-10-29 21:11:40.943525,35,1.89,Delhi
4797,2025-10-30 21:11:40.943527,26,1.55,Mumbai
2792,2025-10-20 21:11:40.943529,37,4.41,Bangalore
6732,2025-11-06 21:11:40.943532,38,2.35,Bangalore
4476,2025-10-19 21:11:40.943534,21,0.57,Bangalore
4417,2025-10-24 21:11:40.943536,54,4.15,Pune
2645,2025-11-11 21:11:40.943538,40,0.33,Pune
4030,2025-11-06 21:11:40.943540,39,3.66,Bangalore
3872,2025-11-07 21:11:40.943543,21,3.89,Pune
4072,2025-10-27 21:11:40.943545,10,1.83,Delhi
2854,2025-10-17 21:11:40.943547,38,4.14,Pune
5021,2025-10-19 21:11:40.943549,46,2.63,Pune
5662,2025-10-19 21:11:40.943552,4,2.37,Bangalore
7514,2025-10-16 21:11:40.943554,57,0.32,Mumbai
6031,2025-11-11 21:11:40.943556,45,1.52,Mumbai
3708,2025-11-10 21:11:40.943558,20,4.66,Mumbai
8112,2025-11-08 21:11:40.943561,17,2.02,Delhi
9393,2025-11-08 21:11:40.943563,55,2.78,Pune
4507,2025-11-12 21:11:40.943565,7,2.71,Mumbai
7456,2025-11-05 21:11:40.943567,4,2.99,Bangalore
5212,2025-11-01 21:11:40.943570,29,0.4,Mumbai
8970,2025-10-20 21:11:40.943572,14,1.87,Mumbai
9766,2025-11-09 21:11:40.943574,3,3.64,Pune
1536,2025-10-31 21:11:40.943576,24,1.08,Pune
2625,2025-10-21 21:11:40.943579,37,1.1,Pune
8973,2025-10-29 21:11:40.943581,16,0.15,Delhi
9577,2025-11-02 21:11:40.943583,58,2.24,Delhi
9070,2025-11-03 21:11:40.943585,55,4.43,Mumbai
9666,2025-11-10 21:11:40.943588,52,0.35,Pune
9609,2025-10-22 21:11:40.943590,4,1.04,Mumbai
7490,2025-10-30 21:11:40.943592,56,1.62,Bangalore
4600,2025-10-28 21:11:40.943594,24,3.69,Bangalore
7783,2025-11-03 21:11:40.943597,34,3.24,Pune
5971,2025-10-15 21:11:40.943599,30,2.14,Pune
2205,2025-11-03 21:11:40.943601,18,3.82,Bangalore
2990,2025-11-01 21:11:40.943603,19,3.09,Pune
6299,2025-11-04 21:11:40.943606,31,4.49,Delhi
4572,2025-11-12 21:11:40.943608,19,4.11,Delhi
6975,2025-11-08 21:11:40.943610,49,1.34,Pune
7320,2025-10-24 21:11:40.943612,46,1.43,Bangalore
5380,2025-11-05 21:11:40.943615,19,0.71,Mumbai
5757,2025-11-02 21:11:40.943617,22,1.75,Pune
3713,2025-11-01 21:11:40.943619,24,5.0,Pune
6588,2025-11-12 21:11:40.943621,45,2.09,Mumbai
1966,2025-10-19 21:11:40.943624,12,1.18,Pune
5944,2025-10-22 21:11:40.943626,30,3.84,Mumbai
4432,2025-10-24 21:11:40.943628,58,2.76,Bangalore
1688,2025-10-16 21:11:40.943631,38,0.83,Delhi
5243,2025-10-19 21:11:40.943633,53,1.97,Bangalore
4701,2025-11-02 21:11:40.943636,31,2.13,Delhi
9533,2025-11-08 21:11:40.943638,36,3.79,Mumbai
6182,2025-10-29 21:11:40.943640,19,0.2,Delhi
7704,2025-11-08 21:11:40.943642,48,1.42,Bangalore
5422,2025-11-01 21:11:40.943645,45,2.64,Delhi
2759,2025-11-08 21:11:40.943647,36,1.42,Mumbai
3482,2025-10-27 21:11:40.943649,30,3.18,Delhi
9058,2025-10-27 21:11:40.943651,55,2.46,Pune
1951,2025-10-20 21:11:40.943654,49,1.87,Bangalore
9914,2025-11-01 21:11:40.943656,55,4.75,Pune
3079,2025-10-20 21:11:40.943658,33,3.2,Mumbai
3717,2025-10-16 21:11:40.943660,18,0.74,Delhi
5524,2025-10-29 21:11:40.943663,52,2.84,Pune
9477,2025-10-29 21:11:40.943665,49,3.93,Pune
8311,2025-11-07 21:11:40.943667,59,3.57,Delhi
8186,2025-11-01 21:11:40.943669,28,0.94,Delhi
3065,2025-10-17 21:11:40.943672,59,4.86,Bangalore
1768,2025-10-15 21:11:40.943675,47,2.3,Pune
6490,2025-10-24 21:11:40.943677,11,0.88,Pune
7645,2025-10-26 21:11:40.943679,57,0.98,Mumbai
6083,2025-10-30 21:11:40.943682,54,0.58,Bangalore
6232,2025-11-11 21:11:40.943684,45,4.04,Mumbai
6797,2025-11-04 21:11:40.943686,33,0.7,Pune
5926,2025-11-08 21:11:40.943688,17,0.71,Mumbai
7016,2025-10-24 21:11:40.943691,6,4.27,Pune
4335,2025-10-18 21:11:40.943693,4,1.79,Pune
